{"syn0": {"dtype": "float64", "shape": [6, 4], "__ndarray__": [[-8.719239637931148, -3.731886295381291, -6.644239593877964, -23.585808640882657], [-9.172057100468479, -2.0981384976773043, -2.6310493771206893, 11.909367357886902], [-8.870061912026463, -5.975998917052876, -3.287833157312333, 0.7820245664346598], [-5.06089896621166, 5.821423205675802, -1.8493353202808704, 7.997977265976275], [-0.15860530226523445, -0.05584289327228461, -0.7206292157139135, -0.12746873636585593], [6.793838108701885, -4.547534889289436, 1.266175726223452, 4.086476709792013]]}, "syn1": {"dtype": "float64", "shape": [4, 1], "__ndarray__": [[-8.133110222910918], [-5.982597950102698], [-4.824172177002417], [0.9809123332190385]]}}