{"syn0": {"dtype": "float64", "shape": [6, 4], "__ndarray__": [[-11.84678974230983, -3.2752555025910595, -6.667587910148585, -23.233619233976725], [-9.557281011486035, -2.3885282008749193, -9.30876886670672, 12.63405382932214], [-9.067154375575628, -5.451990767265255, -6.826434012039092, 6.2639745968115665], [-5.060898939491378, 6.588856919890073, -2.8695069616888014, 7.27570239812154], [-0.15860530226523445, 0.020520633326779815, -0.7206292157154939, 0.4725651662200849], [5.984959315246119, -4.547181617405884, 6.698242446559927, 5.387205031091107]]}, "syn1": {"dtype": "float64", "shape": [4, 1], "__ndarray__": [[5.155335509939502], [4.556915373863048], [-12.192908642411787], [1.1631770428541068]]}}